{
    "display": {
        "icon": {
            "item": "minecraft:jungle_sapling"
        },
        "title": {"translate":"Overgrown!"},
        "description": {"color":"#75E1FF","translate":"Discover every overgrown biome"},
        "announce_to_chat": false,
        "frame": "goal"
    },
    "parent": "blazeandcave:biomes/cold_feet",	
    "rewards": {
		"function": "bc_rewards:biomes/overgrown"
    },	
    "criteria": {
        "swamp": {
            "trigger": "minecraft:location",
            "conditions": {
                "biome": "minecraft:swamp",
                "player": [
                    {
                        "condition": "minecraft:inverted",
                        "term": {
                            "condition": "minecraft:entity_properties",
						    "entity": "this",
						    "predicate": {
						    	"player": {
						    		"gamemode": "spectator"
			    				}
                            }
						}
                    }
                ]
            }
        },
        "mushroom_fields": {
            "trigger": "minecraft:location",
            "conditions": {
                "biome": "minecraft:mushroom_fields",
                "player": [
                    {
                        "condition": "minecraft:inverted",
                        "term": {
                            "condition": "minecraft:entity_properties",
						    "entity": "this",
						    "predicate": {
						    	"player": {
						    		"gamemode": "spectator"
			    				}
                            }
						}
                    }
                ]
            }
        },
        "sparse_jungle": {
            "trigger": "minecraft:location",
            "conditions": {
                "biome": "minecraft:sparse_jungle",
                "player": [
                    {
                        "condition": "minecraft:inverted",
                        "term": {
                            "condition": "minecraft:entity_properties",
						    "entity": "this",
						    "predicate": {
						    	"player": {
						    		"gamemode": "spectator"
			    				}
                            }
						}
                    }
                ]
            }
        },
        "jungle": {
            "trigger": "minecraft:location",
            "conditions": {
                "biome": "minecraft:jungle",
                "player": [
                    {
                        "condition": "minecraft:inverted",
                        "term": {
                            "condition": "minecraft:entity_properties",
						    "entity": "this",
						    "predicate": {
						    	"player": {
						    		"gamemode": "spectator"
			    				}
                            }
						}
                    }
                ]
            }
        },
        "bamboo_jungle": {
            "trigger": "minecraft:location",
            "conditions": {
                "biome": "minecraft:bamboo_jungle",
                "player": [
                    {
                        "condition": "minecraft:inverted",
                        "term": {
                            "condition": "minecraft:entity_properties",
						    "entity": "this",
						    "predicate": {
						    	"player": {
						    		"gamemode": "spectator"
			    				}
                            }
						}
                    }
                ]
            }
        }
    }
}