{
    "display": {
        "icon": {
            "item": "minecraft:brain_coral"
        },
        "title": {"translate":"The Great Blocky Reef"},
        "description": {"translate":"Come across a coral reef in the ocean"},
        "announce_to_chat": false
    },
    "parent": "blazeandcave:biomes/dolphin_dasher",	
    "rewards": {
		"function": "bc_rewards:biomes/the_great_blocky_reef"
    },	
    "criteria": {
        "warm_ocean": {
            "trigger": "minecraft:location",
            "conditions": {
                "biome": "minecraft:warm_ocean",
                "player": [
                    {
                        "condition": "minecraft:inverted",
                        "term": {
                            "condition": "minecraft:entity_properties",
						    "entity": "this",
						    "predicate": {
						    	"player": {
						    		"gamemode": "spectator"
			    				}
                            }
						}
                    }
                ]
            }
        }
    }
}